Year,City,Month,Mean max temperature (Â°C),Monthly precipitation (mm)
1990,Melbourne,January,26,3.8
1990,Melbourne,February,25.4,74.4
1990,Melbourne,March,24.7,32
1990,Melbourne,April,20.7,94.6
1990,Melbourne,May,17.5,17.2
1990,Melbourne,June,14.6,37.2
1990,Melbourne,July,14.8,91
1990,Melbourne,August,14.4,49.8
1990,Melbourne,September,17.5,54.4
1990,Melbourne,October,20.6,96.6
1990,Melbourne,November,22.9,47.6
1990,Melbourne,December,26.1,26.6
1990,Sydney,January,25.5,84
1990,Sydney,February,25.4,630.6
1990,Sydney,March,25.3,161.6
1990,Sydney,April,23.1,320.4
1990,Sydney,May,21.3,131.2
1990,Sydney,June,17.4,45.2
1990,Sydney,July,17.3,67
1990,Sydney,August,17.5,204.8
1990,Sydney,September,19.4,205.4
1990,Sydney,October,21.9,46.8
1990,Sydney,November,24.5,36.2
1990,Sydney,December,28.6,43.6
1990,Perth,January,29.2,46
1990,Perth,February,24.7,98.6
1990,Perth,March,24.6,27.8
1990,Perth,April,18.4,166
1990,Perth,May,16.1,62.2
1990,Perth,June,10.9,28.8
1990,Perth,July,10.8,83
1990,Perth,August,10.6,144
1990,Perth,September,15.6,17.8
1990,Perth,October,19.9,37
1990,Perth,November,24.6,14
1990,Perth,December,30.6,8.8
1990,Adelaide,January,29.1,27
1990,Adelaide,February,27.3,6
1990,Adelaide,March,28.4,1
1990,Adelaide,April,23.1,12.2
1990,Adelaide,May,20,15.4
1990,Adelaide,June,16.1,89.4
1990,Adelaide,July,15.5,104.6
1990,Adelaide,August,15.1,92
1990,Adelaide,September,20.4,43.8
1990,Adelaide,October,22.9,32.8
1990,Adelaide,November,26.9,12
1990,Adelaide,December,26.5,45.6
1991,Melbourne,January,26,126
1991,Melbourne,February,25.7,0.6
1991,Melbourne,March,24.1,55.6
1991,Melbourne,April,20.3,43.8
1991,Melbourne,May,16.9,19
1991,Melbourne,June,15.9,116.8
1991,Melbourne,July,14.1,50.6
1991,Melbourne,August,15.1,63.2
1991,Melbourne,September,17,74.2
1991,Melbourne,October,21.4,34.2
1991,Melbourne,November,22.2,25.4
1991,Melbourne,December,23.1,111.2
1991,Sydney,January,29.1,120
1991,Sydney,February,28.2,63.4
1991,Sydney,March,25.6,28.6
1991,Sydney,April,23.1,53
1991,Sydney,May,20,141.2
1991,Sydney,June,19.5,340.6
1991,Sydney,July,17,108.4
1991,Sydney,August,18.8,6
1991,Sydney,September,21.5,18.4
1991,Sydney,October,23.7,11
1991,Sydney,November,23.4,40.6
1991,Sydney,December,24.2,190.2
1991,Perth,January,29.8,47.6
1991,Perth,February,31.5,7.4
1991,Perth,March,26.4,59.2
1991,Perth,April,21.2,8
1991,Perth,May,16.8,30.8
1991,Perth,June,14.2,48.2
1991,Perth,July,10.5,60.8
1991,Perth,August,11.3,67.8
1991,Perth,September,15.4,42.2
1991,Perth,October,21.9,27.6
1991,Perth,November,23.5,27.2
1991,Perth,December,24.7,83.6
1991,Adelaide,January,30.3,17.6
1991,Adelaide,February,30.9,0
1991,Adelaide,March,26,4.4
1991,Adelaide,April,22.7,32.2
1991,Adelaide,May,18.8,14
1991,Adelaide,June,17.5,138.2
1991,Adelaide,July,15.3,95.8
1991,Adelaide,August,15.6,81.6
1991,Adelaide,September,19.1,77.6
1991,Adelaide,October,22.9,6.2
1991,Adelaide,November,24.4,34.2
1991,Adelaide,December,25.5,5.8
1992,Melbourne,January,22.4,45.4
1992,Melbourne,February,24.6,32
1992,Melbourne,March,24.6,28.2
1992,Melbourne,April,21.4,43.4
1992,Melbourne,May,17.4,64.4
1992,Melbourne,June,14.5,45
1992,Melbourne,July,14.5,26.8
1992,Melbourne,August,14.5,65
1992,Melbourne,September,15,125.2
1992,Melbourne,October,19.7,106
1992,Melbourne,November,20.9,139.8
1992,Melbourne,December,24.6,108.6
1992,Sydney,January,25.3,66.2
1992,Sydney,February,25,408.6
1992,Sydney,March,25.4,76.4
1992,Sydney,April,22.5,60.8
1992,Sydney,May,19.7,68.2
1992,Sydney,June,17.3,108
1992,Sydney,July,17.8,14.8
1992,Sydney,August,18.1,48
1992,Sydney,September,19.7,21
1992,Sydney,October,21.1,70.8
1992,Sydney,November,22.3,138
1992,Sydney,December,24,201.6
1992,Perth,January,26.7,142
1992,Perth,February,23.8,160.6
1992,Perth,March,24.5,25
1992,Perth,April,20.1,36.2
1992,Perth,May,15.4,27.4
1992,Perth,June,11.3,17.4
1992,Perth,July,12.2,23
1992,Perth,August,12.2,71
1992,Perth,September,13.7,51
1992,Perth,October,18.5,61.6
1992,Perth,November,19.9,84.6
1992,Perth,December,22.9,140.6
1992,Adelaide,January,25.1,0.4
1992,Adelaide,February,29.1,10.8
1992,Adelaide,March,26.2,74.8
1992,Adelaide,April,22.8,43.8
1992,Adelaide,May,18.1,77.8
1992,Adelaide,June,15.7,76.8
1992,Adelaide,July,15.9,65.6
1992,Adelaide,August,15.4,129
1992,Adelaide,September,15.8,151.4
1992,Adelaide,October,21.2,75.8
1992,Adelaide,November,21.5,107
1992,Adelaide,December,24.9,70
1993,Melbourne,January,27.3,92.8
1993,Melbourne,February,26.7,58.8
1993,Melbourne,March,23.5,37.6
1993,Melbourne,April,23.1,20.2
1993,Melbourne,May,17.7,37.4
1993,Melbourne,June,14.1,36.6
1993,Melbourne,July,14.9,51.4
1993,Melbourne,August,17.4,53.2
1993,Melbourne,September,17.3,126
1993,Melbourne,October,19.4,61.2
1993,Melbourne,November,20.8,71.4
1993,Melbourne,December,23.1,197.4
1993,Sydney,January,26.5,61
1993,Sydney,February,27.3,100.2
1993,Sydney,March,24.7,97.4
1993,Sydney,April,23.6,66.2
1993,Sydney,May,20.3,18.6
1993,Sydney,June,17.3,55.8
1993,Sydney,July,17.6,104.4
1993,Sydney,August,18.9,62
1993,Sydney,September,19.8,159.4
1993,Sydney,October,22.3,59
1993,Sydney,November,23.2,93.4
1993,Sydney,December,25.7,35.6
1993,Perth,January,29.1,29.6
1993,Perth,February,27.8,54.6
1993,Perth,March,22.7,72
1993,Perth,April,22.3,14.2
1993,Perth,May,16.7,34.8
1993,Perth,June,11.7,28
1993,Perth,July,13.2,84.8
1993,Perth,August,14.3,22
1993,Perth,September,15.3,83.8
1993,Perth,October,18.5,85
1993,Perth,November,22.4,94.4
1993,Perth,December,24.6,23.6
1993,Adelaide,January,28.5,33.8
1993,Adelaide,February,28.3,26.6
1993,Adelaide,March,25.9,17.4
1993,Adelaide,April,24.8,1.4
1993,Adelaide,May,19.9,41.8
1993,Adelaide,June,15.7,51.4
1993,Adelaide,July,16,65.6
1993,Adelaide,August,18.7,50.6
1993,Adelaide,September,19.4,66
1993,Adelaide,October,21,73.6
1993,Adelaide,November,25.2,25.4
1993,Adelaide,December,25.2,72.8
1994,Melbourne,January,25.1,30
1994,Melbourne,February,25.8,106.8
1994,Melbourne,March,23.1,26.2
1994,Melbourne,April,21,66
1994,Melbourne,May,17.1,31.8
1994,Melbourne,June,14.9,40.8
1994,Melbourne,July,15.5,12
1994,Melbourne,August,14.9,24.6
1994,Melbourne,September,16,32.2
1994,Melbourne,October,20.7,36
1994,Melbourne,November,21.3,51
1994,Melbourne,December,27.1,14.4
1994,Sydney,January,28.2,52.2
1994,Sydney,February,26.3,99.2
1994,Sydney,March,23.5,197.4
1994,Sydney,April,23.2,140.2
1994,Sydney,May,21.2,33.2
1994,Sydney,June,18.1,75
1994,Sydney,July,18,75
1994,Sydney,August,18.7,23.2
1994,Sydney,September,21.7,24.2
1994,Sydney,October,22.3,50
1994,Sydney,November,24.6,56.6
1994,Sydney,December,24.9,80.8
1994,Perth,January,29.8,6.6
1994,Perth,February,27.1,132.4
1994,Perth,March,22.1,33.8
1994,Perth,April,21,25.6
1994,Perth,May,16.5,6.6
1994,Perth,June,13.1,45
1994,Perth,July,12.4,32.2
1994,Perth,August,13.5,10.8
1994,Perth,September,16.6,10.8
1994,Perth,October,20.6,38.2
1994,Perth,November,23.7,65
1994,Perth,December,28.8,54.6
1994,Adelaide,January,26.3,39
1994,Adelaide,February,28,12.8
1994,Adelaide,March,26.7,0
1994,Adelaide,April,22.6,11.6
1994,Adelaide,May,19,30.6
1994,Adelaide,June,16.3,87.6
1994,Adelaide,July,16.7,40.4
1994,Adelaide,August,15.9,21
1994,Adelaide,September,17.5,31
1994,Adelaide,October,21.6,50.6
1994,Adelaide,November,22.7,38
1994,Adelaide,December,28.9,8.8
1995,Melbourne,January,26.8,101.4
1995,Melbourne,February,26.7,22
1995,Melbourne,March,22.8,71.6
1995,Melbourne,April,18.1,102
1995,Melbourne,May,16.4,79.4
1995,Melbourne,June,13.9,76.2
1995,Melbourne,July,12.9,58.6
1995,Melbourne,August,17,46.4
1995,Melbourne,September,16.9,46.4
1995,Melbourne,October,18.9,91.2
1995,Melbourne,November,22.1,76.4
1995,Melbourne,December,20.7,31.4
1995,Sydney,January,24.8,95.4
1995,Sydney,February,25.1,51
1995,Sydney,March,25.1,187.4
1995,Sydney,April,22,28.8
1995,Sydney,May,20.2,184
1995,Sydney,June,17.5,122.6
1995,Sydney,July,16.8,5.4
1995,Sydney,August,21.3,0
1995,Sydney,September,19.3,226.2
1995,Sydney,October,21.9,46.8
1995,Sydney,November,24.2,180.4
1995,Sydney,December,23.7,101.8
1995,Perth,January,25.2,152.9
1995,Perth,February,26.8,3
1995,Perth,March,24.6,1.4
1995,Perth,April,18.8,3.2
1995,Perth,May,15.9,115
1995,Perth,June,12.1,34.2
1995,Perth,July,9.3,45.4
1995,Perth,August,16.1,4
1995,Perth,September,16.2,60.8
1995,Perth,October,20.5,20
1995,Perth,November,23.7,55.4
1995,Perth,December,24.6,92.2
1995,Adelaide,January,29.7,25
1995,Adelaide,February,29.6,25.6
1995,Adelaide,March,24,11.8
1995,Adelaide,April,19.9,58.8
1995,Adelaide,May,17.8,56.6
1995,Adelaide,June,16.4,69.6
1995,Adelaide,July,13.9,129.6
1995,Adelaide,August,18.1,30.2
1995,Adelaide,September,18.5,47.2
1995,Adelaide,October,21.3,20.4
1995,Adelaide,November,24,10.4
1995,Adelaide,December,25.7,9
1996,Melbourne,January,25.4,116.2
1996,Melbourne,February,24.2,87
1996,Melbourne,March,24.2,42.8
1996,Melbourne,April,18.5,130.4
1996,Melbourne,May,17,32.2
1996,Melbourne,June,15.2,71.4
1996,Melbourne,July,13.6,72.8
1996,Melbourne,August,15.3,52.8
1996,Melbourne,September,17.3,62.4
1996,Melbourne,October,20.3,48.4
1996,Melbourne,November,21.5,37
1996,Melbourne,December,22.4,23.6
1996,Sydney,January,25.4,150
1996,Sydney,February,25.2,54.8
1996,Sydney,March,24.6,66.2
1996,Sydney,April,23.6,43.4
1996,Sydney,May,21,177.8
1996,Sydney,June,18.3,166.4
1996,Sydney,July,17.2,54.8
1996,Sydney,August,18.9,146.2
1996,Sydney,September,21.7,121.8
1996,Sydney,October,22.1,23.6
1996,Sydney,November,23.4,103.6
1996,Sydney,December,24.4,40
1996,Perth,January,27,98.8
1996,Perth,February,25.3,39
1996,Perth,March,24.5,20.2
1996,Perth,April,20,2.6
1996,Perth,May,17.6,42.6
1996,Perth,June,13.2,57.6
1996,Perth,July,10.9,111.2
1996,Perth,August,12.7,44.6
1996,Perth,September,15.9,63.2
1996,Perth,October,20.2,64.4
1996,Perth,November,20.9,74.2
1996,Perth,December,25.9,93.8
1996,Adelaide,January,27.2,42.2
1996,Adelaide,February,28.1,16
1996,Adelaide,March,27.2,22.4
1996,Adelaide,April,19.7,35.6
1996,Adelaide,May,19.3,15.2
1996,Adelaide,June,16.7,119.8
1996,Adelaide,July,15.1,115
1996,Adelaide,August,15.7,105
1996,Adelaide,September,18.1,83.8
1996,Adelaide,October,22,28
1996,Adelaide,November,22.5,1
1996,Adelaide,December,25.7,15.4
1997,Melbourne,January,27.8,29.2
1997,Melbourne,February,30.1,4.6
1997,Melbourne,March,23,20
1997,Melbourne,April,21.1,13.8
1997,Melbourne,May,16.7,59.6
1997,Melbourne,June,15,35
1997,Melbourne,July,13.8,18.2
1997,Melbourne,August,15,27.8
1997,Melbourne,September,17.3,56.8
1997,Melbourne,October,20.8,30.8
1997,Melbourne,November,23.5,56.8
1997,Melbourne,December,24.9,7.2
1997,Sydney,January,24.1,185.6
1997,Sydney,February,26.3,137
1997,Sydney,March,25.7,23.2
1997,Sydney,April,24.4,5.2
1997,Sydney,May,20.1,193.8
1997,Sydney,June,18,99.8
1997,Sydney,July,16.7,180.2
1997,Sydney,August,18.7,27.2
1997,Sydney,September,19.4,118.5
1997,Sydney,October,22.9,49
1997,Sydney,November,25.5,29.4
1997,Sydney,December,26.8,29.4
1997,Perth,January,26.8,43.6
1997,Perth,February,29.2,97.2
1997,Perth,March,25.5,6.2
1997,Perth,April,23.2,2.6
1997,Perth,May,17.2,32
1997,Perth,June,13.9,31.4
1997,Perth,July,12.4,31.4
1997,Perth,August,13.3,24.8
1997,Perth,September,16.1,57.2
1997,Perth,October,21.1,40
1997,Perth,November,27.4,24.8
1997,Perth,December,29.5,53.2
1997,Adelaide,January,29,36
1997,Adelaide,February,32.7,29
1997,Adelaide,March,23.2,8.6
1997,Adelaide,April,22.6,9.2
1997,Adelaide,May,17.5,65.6
1997,Adelaide,June,16,33
1997,Adelaide,July,14.6,22.2
1997,Adelaide,August,15.4,90.4
1997,Adelaide,September,18.3,74.2
1997,Adelaide,October,22.1,60.8
1997,Adelaide,November,26.3,44.8
1997,Adelaide,December,26.7,24.8
1998,Melbourne,January,27.2,59.4
1998,Melbourne,February,27.9,71.6
1998,Melbourne,March,25.2,7.4
1998,Melbourne,April,19.6,50.2
1998,Melbourne,May,17.1,50
1998,Melbourne,June,14.6,50.6
1998,Melbourne,July,13.5,39.6
1998,Melbourne,August,16.3,22.8
1998,Melbourne,September,19.1,35.4
1998,Melbourne,October,19.7,78.6
1998,Melbourne,November,21.8,57
1998,Melbourne,December,25.5,62.4
1998,Sydney,January,27.6,99
1998,Sydney,February,29,31
1998,Sydney,March,27,27
1998,Sydney,April,23.4,328.4
1998,Sydney,May,20.1,263.8
1998,Sydney,June,17.6,130.8
1998,Sydney,July,16.2,86.8
1998,Sydney,August,18.1,482.6
1998,Sydney,September,22.1,37.6
1998,Sydney,October,23.6,37
1998,Sydney,November,21.7,69.8
1998,Sydney,December,25.7,54.8
1998,Perth,January,28.5,117
1998,Perth,February,29,51.6
1998,Perth,March,28.2,3.6
1998,Perth,April,21.6,71
1998,Perth,May,15.6,80.2
1998,Perth,June,12.4,89.6
1998,Perth,July,11.1,92.6
1998,Perth,August,14.2,122
1998,Perth,September,17,69.6
1998,Perth,October,18,100.2
1998,Perth,November,21.1,59.2
1998,Perth,December,27.2,72.4
1998,Adelaide,January,29.2,6
1998,Adelaide,February,28.1,27.8
1998,Adelaide,March,26.7,9.4
1998,Adelaide,April,20.8,105.6
1998,Adelaide,May,19.9,29.4
1998,Adelaide,June,16.5,83.2
1998,Adelaide,July,14.9,65.4
1998,Adelaide,August,17.2,55.4
1998,Adelaide,September,20.3,54.8
1998,Adelaide,October,20.9,66.6
1998,Adelaide,November,24.3,30.6
1998,Adelaide,December,27.6,11.8
1999,Melbourne,January,27.5,25.4
1999,Melbourne,February,28.4,47.6
1999,Melbourne,March,23.9,48
1999,Melbourne,April,19.6,40.2
1999,Melbourne,May,18.5,63.4
1999,Melbourne,June,15.3,54.2
1999,Melbourne,July,15.2,17.8
1999,Melbourne,August,16.1,86.6
1999,Melbourne,September,19.1,30.8
1999,Melbourne,October,21.2,62
1999,Melbourne,November,22.7,40.2
1999,Melbourne,December,24.3,94.2
1999,Sydney,January,26.6,178
1999,Sydney,February,26.1,143
1999,Sydney,March,25.7,28
1999,Sydney,April,21.7,244.8
1999,Sydney,May,20.9,57.4
1999,Sydney,June,17.8,93.8
1999,Sydney,July,17.7,181.6
1999,Sydney,August,18.8,134.8
1999,Sydney,September,21.2,30
1999,Sydney,October,22.8,205.2
1999,Sydney,November,22.3,91.4
1999,Sydney,December,23.6,82.4
1999,Perth,January,30.4,56
1999,Perth,February,26.9,4.2
1999,Perth,March,25,94
1999,Perth,April,19.1,37.8
1999,Perth,May,18.4,10.6
1999,Perth,June,13.4,44.4
1999,Perth,July,13.1,40.2
1999,Perth,August,14.8,63.8
1999,Perth,September,18.2,46.3
1999,Perth,October,20.1,215.8
1999,Perth,November,20.1,56.6
1999,Perth,December,24.4,78.2
1999,Adelaide,January,31.2,11.4
1999,Adelaide,February,29.9,1.8
1999,Adelaide,March,24.4,59
1999,Adelaide,April,20.9,11.2
1999,Adelaide,May,19,127.4
1999,Adelaide,June,16,82.2
1999,Adelaide,July,16.1,68.8
1999,Adelaide,August,17.3,38.2
1999,Adelaide,September,20.7,74.2
1999,Adelaide,October,22.5,80.6
1999,Adelaide,November,22.8,39.2
1999,Adelaide,December,25.7,34.8
2000,Melbourne,January,25.5,38
2000,Melbourne,February,30.1,33.4
2000,Melbourne,March,26.3,25.4
2000,Melbourne,April,21.8,47
2000,Melbourne,May,16.6,91
2000,Melbourne,June,14.6,42
2000,Melbourne,July,14.4,46.8
2000,Melbourne,August,15.7,49.2
2000,Melbourne,September,18.3,81.6
2000,Melbourne,October,19.1,105.8
2000,Melbourne,November,23.8,34.8
2000,Melbourne,December,26.2,34.6
2000,Sydney,January,24.8,55.8
2000,Sydney,February,27.5,18.6
2000,Sydney,March,25.3,248.4
2000,Sydney,April,23.4,64
2000,Sydney,May,20.4,55.8
2000,Sydney,June,17.6,37
2000,Sydney,July,18.3,25.4
2000,Sydney,August,18.8,20.6
2000,Sydney,September,22.7,29.4
2000,Sydney,October,22.9,79.4
2000,Sydney,November,23.6,140.8
2000,Sydney,December,27.6,46.4
2000,Perth,January,25.1,61.8
2000,Perth,February,28.7,10.2
2000,Perth,March,25,128.2
2000,Perth,April,19.5,66.8
2000,Perth,May,14.8,51.4
2000,Perth,June,11.8,39.4
2000,Perth,July,12.4,32.6
2000,Perth,August,12.8,75.2
2000,Perth,September,18.4,45
2000,Perth,October,18.3,99
2000,Perth,November,22.2,130.6
2000,Perth,December,28.1,22.6
2000,Adelaide,January,28.3,3.6
2000,Adelaide,February,32.2,44.4
2000,Adelaide,March,26.3,35.6
2000,Adelaide,April,22.6,88
2000,Adelaide,May,17.5,89.2
2000,Adelaide,June,15.7,80.8
2000,Adelaide,July,15.7,68.8
2000,Adelaide,August,16.5,60.2
2000,Adelaide,September,19.6,67.8
2000,Adelaide,October,21.2,82.4
2000,Adelaide,November,27.6,9.6
2000,Adelaide,December,28.3,13.4
2001,Melbourne,January,29.1,11.8
2001,Melbourne,February,29.1,11.6
2001,Melbourne,March,24.3,86.6
2001,Melbourne,April,20.5,125.6
2001,Melbourne,May,17,14.6
2001,Melbourne,June,15.8,59.8
2001,Melbourne,July,14.7,12.4
2001,Melbourne,August,15.5,49
2001,Melbourne,September,19.4,39.4
2001,Melbourne,October,19.5,70.2
2001,Melbourne,November,20.9,74.8
2001,Melbourne,December,21.5,49.4
2001,Sydney,January,27.3,186.4
2001,Sydney,February,27.3,109
2001,Sydney,March,25.8,110.2
2001,Sydney,April,24,162.2
2001,Sydney,May,19.9,371.4
2001,Sydney,June,19.9,22
2001,Sydney,July,17.5,128
2001,Sydney,August,19.5,72.8
2001,Sydney,September,22.3,27.6
2001,Sydney,October,24,30.6
2001,Sydney,November,23.5,98.4
2001,Sydney,December,26.2,40.2
2001,Perth,January,31.7,41
2001,Perth,February,29.3,29.8
2001,Perth,March,23.9,54.4
2001,Perth,April,21.8,68.8
2001,Perth,May,15.9,24.8
2001,Perth,June,14.1,23.2
2001,Perth,July,12.8,53.6
2001,Perth,August,13.2,31.2
2001,Perth,September,18,61
2001,Perth,October,18.6,75.8
2001,Perth,November,22.5,43.8
2001,Perth,December,27.5,33
2001,Adelaide,January,33.7,19.6
2001,Adelaide,February,31.6,10.4
2001,Adelaide,March,25.5,49
2001,Adelaide,April,22.4,20
2001,Adelaide,May,18.9,87.4
2001,Adelaide,June,16.2,105
2001,Adelaide,July,15.7,61.4
2001,Adelaide,August,16.3,87.8
2001,Adelaide,September,20.2,137.2
2001,Adelaide,October,18.8,80.6
2001,Adelaide,November,22.7,43.6
2001,Adelaide,December,23.3,14.2
2002,Melbourne,January,25.1,38.2
2002,Melbourne,February,25.4,68
2002,Melbourne,March,24.3,21
2002,Melbourne,April,22.2,39.4
2002,Melbourne,May,18.8,36.8
2002,Melbourne,June,15.8,27.2
2002,Melbourne,July,15.3,19.6
2002,Melbourne,August,16.4,35.6
2002,Melbourne,September,18.8,39.2
2002,Melbourne,October,21,34.2
2002,Melbourne,November,23.5,25.4
2002,Melbourne,December,24.5,12
2002,Sydney,January,27.2,98.4
2002,Sydney,February,25.2,348.2
2002,Sydney,March,25.7,45.4
2002,Sydney,April,24.3,68.4
2002,Sydney,May,20.1,92.8
2002,Sydney,June,18.1,28.4
2002,Sydney,July,18.5,24.2
2002,Sydney,August,19.6,19.8
2002,Sydney,September,22.7,21.8
2002,Sydney,October,24.5,5.8
2002,Sydney,November,25.3,31.8
2002,Sydney,December,25.4,75
2002,Perth,January,28.8,71.4
2002,Perth,February,25.3,128
2002,Perth,March,25.7,50.6
2002,Perth,April,22.5,25.6
2002,Perth,May,16.1,29.1
2002,Perth,June,13,26
2002,Perth,July,13.3,10.3
2002,Perth,August,15.9,9.9
2002,Perth,September,18.5,40
2002,Perth,October,23.5,2.8
2002,Perth,November,28.4,20.2
2002,Perth,December,28.4,44
2002,Adelaide,January,27.2,20.6
2002,Adelaide,February,26.4,0
2002,Adelaide,March,25.8,12.2
2002,Adelaide,April,24.3,10.8
2002,Adelaide,May,20.8,62.8
2002,Adelaide,June,16.3,60
2002,Adelaide,July,16.4,83.6
2002,Adelaide,August,17,26.6
2002,Adelaide,September,19.4,39.4
2002,Adelaide,October,21.6,22.4
2002,Adelaide,November,26.4,31
2002,Adelaide,December,27.8,9
2003,Melbourne,January,27.5,10.6
2003,Melbourne,February,26.1,20
2003,Melbourne,March,24.3,22.6
2003,Melbourne,April,21.2,73.2
2003,Melbourne,May,18.8,23.6
2003,Melbourne,June,15.4,35.2
2003,Melbourne,July,14.7,68
2003,Melbourne,August,15,49.4
2003,Melbourne,September,17.4,29.2
2003,Melbourne,October,17.7,70.8
2003,Melbourne,November,23.7,19.2
2003,Melbourne,December,27.2,71.2
2003,Sydney,January,27.2,13.6
2003,Sydney,February,27.1,59.4
2003,Sydney,March,25.2,132
2003,Sydney,April,22.7,192.2
2003,Sydney,May,20.6,348.6
2003,Sydney,June,19.6,76.4
2003,Sydney,July,17.8,58.2
2003,Sydney,August,19.1,43
2003,Sydney,September,22.6,5.8
2003,Sydney,October,21.6,102.8
2003,Sydney,November,22.7,108.8
2003,Sydney,December,26,59.6
2003,Perth,January,31.6,20.6
2003,Perth,February,27.4,136.2
2003,Perth,March,23.5,43.2
2003,Perth,April,19.9,38.7
2003,Perth,May,17.2,25.4
2003,Perth,June,13.4,39.7
2003,Perth,July,12.2,44.4
2003,Perth,August,13.4,103
2003,Perth,September,16.8,22.6
2003,Perth,October,17.7,105.1
2003,Perth,November,23.3,83.6
2003,Perth,December,27.5,64.6
2003,Adelaide,January,31.4,23.2
2003,Adelaide,February,29.2,63
2003,Adelaide,March,24.8,10.2
2003,Adelaide,April,23.6,28
2003,Adelaide,May,19.9,69.6
2003,Adelaide,June,15.9,124.2
2003,Adelaide,July,16.1,39.2
2003,Adelaide,August,15.5,93.8
2003,Adelaide,September,18.2,47
2003,Adelaide,October,19,64.8
2003,Adelaide,November,27.6,12
2003,Adelaide,December,29,34.2
2004,Melbourne,January,24.6,63.2
2004,Melbourne,February,26,13
2004,Melbourne,March,23.8,14.8
2004,Melbourne,April,21.5,51.8
2004,Melbourne,May,17.4,29.2
2004,Melbourne,June,14.9,38.2
2004,Melbourne,July,14.2,27.6
2004,Melbourne,August,16.4,72.2
2004,Melbourne,September,17.3,65
2004,Melbourne,October,21.1,64.8
2004,Melbourne,November,22.4,123.4
2004,Melbourne,December,24.9,59
2004,Sydney,January,27.6,50.8
2004,Sydney,February,28.1,129.4
2004,Sydney,March,26.1,100.8
2004,Sydney,April,24.2,33.2
2004,Sydney,May,21.3,8
2004,Sydney,June,19.9,39
2004,Sydney,July,18,43.8
2004,Sydney,August,19.7,153.4
2004,Sydney,September,21.8,60.2
2004,Sydney,October,23.3,234
2004,Sydney,November,25.4,66.8
2004,Sydney,December,25.6,75.8
2004,Perth,January,30.6,20.5
2004,Perth,February,31.9,48.4
2004,Perth,March,26.5,17.8
2004,Perth,April,23.9,7.6
2004,Perth,May,16.7,51.1
2004,Perth,June,13.1,36.8
2004,Perth,July,11.8,35.5
2004,Perth,August,13.2,46.9
2004,Perth,September,17,37
2004,Perth,October,20.3,65.8
2004,Perth,November,23.5,98.8
2004,Perth,December,26.9,128.2
2004,Adelaide,January,25.9,9.8
2004,Adelaide,February,32.2,5.2
2004,Adelaide,March,27.7,24.2
2004,Adelaide,April,23.8,18.8
2004,Adelaide,May,18.8,62.8
2004,Adelaide,June,16.3,125
2004,Adelaide,July,14.8,75
2004,Adelaide,August,16.8,94
2004,Adelaide,September,18.5,58
2004,Adelaide,October,23.8,10.6
2004,Adelaide,November,24.7,64.8
2004,Adelaide,December,27.3,32
2005,Melbourne,January,26.5,23.8
2005,Melbourne,February,24.4,167.4
2005,Melbourne,March,23.9,8.6
2005,Melbourne,April,24.1,30.6
2005,Melbourne,May,18.5,10.6
2005,Melbourne,June,16.3,42.6
2005,Melbourne,July,15.3,25.2
2005,Melbourne,August,16.2,59.4
2005,Melbourne,September,18.2,41
2005,Melbourne,October,21.4,41.6
2005,Melbourne,November,24.5,57.6
2005,Melbourne,December,27.7,81.6
2005,Sydney,January,26.6,67.8
2005,Sydney,February,27.4,125
2005,Sydney,March,24.3,153.6
2005,Sydney,April,25.1,33.4
2005,Sydney,May,21.2,48.4
2005,Sydney,June,19.2,79
2005,Sydney,July,19,62.8
2005,Sydney,August,20,1.6
2005,Sydney,September,21,51.2
2005,Sydney,October,24.3,43
2005,Sydney,November,23.9,125
2005,Sydney,December,28.6,25.2
2005,Perth,January,28.9,82
2005,Perth,February,27.3,91.6
2005,Perth,March,25,17.2
2005,Perth,April,25.1,9.4
2005,Perth,May,18.6,2.6
2005,Perth,June,14.6,71.6
2005,Perth,July,12.6,60.4
2005,Perth,August,14.5,24.6
2005,Perth,September,16.7,87.6
2005,Perth,October,20.7,116.5
2005,Perth,November,23.3,166.6
2005,Perth,December,28.4,48.4
2005,Adelaide,January,29.1,37
2005,Adelaide,February,27,10.4
2005,Adelaide,March,26.2,11.6
2005,Adelaide,April,26.1,3.2
2005,Adelaide,May,20.9,8.2
2005,Adelaide,June,17.8,142
2005,Adelaide,July,15.7,42.8
2005,Adelaide,August,17.8,90.8
2005,Adelaide,September,19,59.2
2005,Adelaide,October,22,88.4
2005,Adelaide,November,25.2,79.6
2005,Adelaide,December,27.3,56.4
2006,Melbourne,January,27.7,54.2
2006,Melbourne,February,25.3,72.4
2006,Melbourne,March,26.1,16
2006,Melbourne,April,19.3,45
2006,Melbourne,May,16.5,67
2006,Melbourne,June,14.3,8.8
2006,Melbourne,July,14.5,51.6
2006,Melbourne,August,17,34.4
2006,Melbourne,September,19.7,36.6
2006,Melbourne,October,21.9,9.2
2006,Melbourne,November,22.5,24.8
2006,Melbourne,December,25.4,18.4
2006,Sydney,January,27,121.4
2006,Sydney,February,27.8,51.2
2006,Sydney,March,27.1,40.2
2006,Sydney,April,24.6,9.8
2006,Sydney,May,20.6,40.4
2006,Sydney,June,17,176.8
2006,Sydney,July,17.9,140.2
2006,Sydney,August,19.8,86
2006,Sydney,September,23.1,192
2006,Sydney,October,24.2,17.2
2006,Sydney,November,24.3,44.6
2006,Sydney,December,24.2,74.2
2006,Perth,January,30.5,146.6
2006,Perth,February,29.6,35.2
2006,Perth,March,26.9,6.4
2006,Perth,April,20.6,6.8
2006,Perth,May,16.4,6.8
2006,Perth,June,13.5,35.2
2006,Perth,July,12.9,61.6
2006,Perth,August,15.9,4.2
2006,Perth,September,20.4,23.2
2006,Perth,October,24.7,2.8
2006,Perth,November,27.1,59
2006,Perth,December,28.5,32.3
2006,Adelaide,January,31.9,22.4
2006,Adelaide,February,27.2,15.6
2006,Adelaide,March,28.6,20.2
2006,Adelaide,April,20.6,52.4
2006,Adelaide,May,17.4,48.8
2006,Adelaide,June,15.8,12.4
2006,Adelaide,July,15.3,36
2006,Adelaide,August,18.7,11.4
2006,Adelaide,September,21.1,32.6
2006,Adelaide,October,24.4,1
2006,Adelaide,November,27.1,18
2006,Adelaide,December,28.5,16.8
2007,Melbourne,January,27.9,33.4
2007,Melbourne,February,29,13.2
2007,Melbourne,March,25.8,42.2
2007,Melbourne,April,22.7,23
2007,Melbourne,May,19.6,38.8
2007,Melbourne,June,14.1,46.8
2007,Melbourne,July,13.8,62.6
2007,Melbourne,August,17.3,15
2007,Melbourne,September,18.8,18.6
2007,Melbourne,October,21.4,17.4
2007,Melbourne,November,24.4,66.2
2007,Melbourne,December,26.8,71.2
2007,Sydney,January,26.4,45.4
2007,Sydney,February,26,107.6
2007,Sydney,March,26.3,65.4
2007,Sydney,April,23,179.6
2007,Sydney,May,22.4,9.8
2007,Sydney,June,16.8,510.6
2007,Sydney,July,17.1,67.2
2007,Sydney,August,19.9,152.2
2007,Sydney,September,20.9,41.2
2007,Sydney,October,25,27
2007,Sydney,November,23.5,170
2007,Sydney,December,24.7,123.2
2007,Perth,January,31.1,53.6
2007,Perth,February,28.5,114.2
2007,Perth,March,26,27
2007,Perth,April,22.3,20.6
2007,Perth,May,18,69.6
2007,Perth,June,11.6,48.8
2007,Perth,July,11,24.3
2007,Perth,August,15.1,18.2
2007,Perth,September,17.9,3.8
2007,Perth,October,24,48
2007,Perth,November,24.1,166.4
2007,Perth,December,25.2,73.4
2007,Adelaide,January,29.6,40.2
2007,Adelaide,February,32.9,0
2007,Adelaide,March,27.3,24.6
2007,Adelaide,April,24.7,82.4
2007,Adelaide,May,20.1,45
2007,Adelaide,June,14.6,64.8
2007,Adelaide,July,15.6,65.8
2007,Adelaide,August,18.5,25.8
2007,Adelaide,September,20.8,24
2007,Adelaide,October,23.2,25.2
2007,Adelaide,November,28,29.6
2007,Adelaide,December,28.9,37.6
2008,Melbourne,January,27.9,32.8
2008,Melbourne,February,24.9,24.6
2008,Melbourne,March,27.1,70.8
2008,Melbourne,April,21,16.4
2008,Melbourne,May,17.3,44
2008,Melbourne,June,15.8,14.4
2008,Melbourne,July,14.2,44.4
2008,Melbourne,August,14.7,44.8
2008,Melbourne,September,19.4,12
2008,Melbourne,October,22.1,14.2
2008,Melbourne,November,23,54.2
2008,Melbourne,December,23.3,76.8
2008,Sydney,January,26,57
2008,Sydney,February,24.8,258.4
2008,Sydney,March,25.1,63.4
2008,Sydney,April,21.5,146.6
2008,Sydney,May,20.5,3
2008,Sydney,June,18.6,127.2
2008,Sydney,July,17.2,89.6
2008,Sydney,August,17.3,44.2
2008,Sydney,September,21.4,99.2
2008,Sydney,October,23.2,66.6
2008,Sydney,November,23.7,73.2
2008,Sydney,December,25.9,54.2
2008,Perth,January,28.5,76.6
2008,Perth,February,24.5,74.4
2008,Perth,March,25.7,41.8
2008,Perth,April,19,14.8
2008,Perth,May,17.4,17.4
2008,Perth,June,14.6,36.8
2008,Perth,July,12.2,37.8
2008,Perth,August,11.8,47.4
2008,Perth,September,17.7,91.8
2008,Perth,October,22.1,61.2
2008,Perth,November,23.2,117.3
2008,Perth,December,25.4,170.6
2008,Adelaide,January,31,9
2008,Adelaide,February,27.6,3
2008,Adelaide,March,30.9,16.4
2008,Adelaide,April,22.7,45
2008,Adelaide,May,19.7,63.4
2008,Adelaide,June,17,30.4
2008,Adelaide,July,14.8,72.2
2008,Adelaide,August,14.8,84.8
2008,Adelaide,September,20.4,16
2008,Adelaide,October,24.1,8
2008,Adelaide,November,24.7,13.8
2008,Adelaide,December,25.5,40.4
2009,Melbourne,January,28.6,0.8
2009,Melbourne,February,28.1,3
2009,Melbourne,March,24.3,47.6
2009,Melbourne,April,21,39.2
2009,Melbourne,May,17.9,10.6
2009,Melbourne,June,15.6,25.8
2009,Melbourne,July,15.2,39.6
2009,Melbourne,August,16.9,41.2
2009,Melbourne,September,18.6,71.2
2009,Melbourne,October,19.9,22
2009,Melbourne,November,27.1,103.6
2009,Melbourne,December,25.9,60.2
2009,Sydney,January,27.6,24.8
2009,Sydney,February,25.7,127.6
2009,Sydney,March,25.4,60.6
2009,Sydney,April,22.8,152.6
2009,Sydney,May,20.7,125.8
2009,Sydney,June,17.9,129.8
2009,Sydney,July,18.3,53
2009,Sydney,August,20.9,6
2009,Sydney,September,23.1,16
2009,Sydney,October,21.4,180
2009,Sydney,November,26.1,13.2
2009,Sydney,December,25.4,66.8
2009,Perth,January,30.5,18.6
2009,Perth,February,28.5,74.6
2009,Perth,March,26,24.8
2009,Perth,April,20.2,54
2009,Perth,May,17.1,4.8
2009,Perth,June,13.2,59.4
2009,Perth,July,12.1,41.7
2009,Perth,August,15.5,33.4
2009,Perth,September,17.8,68.8
2009,Perth,October,20,30.9
2009,Perth,November,30.5,17
2009,Perth,December,29,102.2
2009,Adelaide,January,32,1.2
2009,Adelaide,February,31.4,0.8
2009,Adelaide,March,26.3,21.4
2009,Adelaide,April,22.9,73.6
2009,Adelaide,May,18.1,63
2009,Adelaide,June,16.5,52
2009,Adelaide,July,15.8,109
2009,Adelaide,August,18.2,55.8
2009,Adelaide,September,19.6,61.6
2009,Adelaide,October,21.9,18.4
2009,Adelaide,November,30.8,42.2
2009,Adelaide,December,28.5,18.2
2010,Melbourne,January,27.5,25.6
2010,Melbourne,February,28.2,62.8
2010,Melbourne,March,26.2,84.8
2010,Melbourne,April,22.9,21.4
2010,Melbourne,May,18.2,25
2010,Melbourne,June,14.6,63.4
2010,Melbourne,July,14.6,30.8
2010,Melbourne,August,14.7,68.2
2010,Melbourne,September,16.5,53
2010,Melbourne,October,20.7,144.8
2010,Melbourne,November,23.2,115.2
2010,Melbourne,December,24.8,85.6
2010,Sydney,January,27.6,36
2010,Sydney,February,27.4,239.4
2010,Sydney,March,25.7,51.4
2010,Sydney,April,24.6,29.8
2010,Sydney,May,20.6,168.4
2010,Sydney,June,17.7,147.2
2010,Sydney,July,17.1,114.6
2010,Sydney,August,18.3,27
2010,Sydney,September,21,42.2
2010,Sydney,October,22,85
2010,Sydney,November,23.5,129.6
2010,Sydney,December,25.8,83.2
2010,Perth,January,30.3,50
2010,Perth,February,26.7,132.8
2010,Perth,March,24.6,138.4
2010,Perth,April,21.2,59.8
2010,Perth,May,16.6,54
2010,Perth,June,12.8,25.6
2010,Perth,July,12.5,99
2010,Perth,August,12.2,103
2010,Perth,September,16.4,57
2010,Perth,October,19.6,52.9
2010,Perth,November,22.3,96.9
2010,Perth,December,24.3,218.5
2010,Adelaide,January,31.4,9.2
2010,Adelaide,February,31.4,5.6
2010,Adelaide,March,27.7,19
2010,Adelaide,April,24.1,49.6
2010,Adelaide,May,19.7,56.8
2010,Adelaide,June,15.8,65.8
2010,Adelaide,July,15.4,59.8
2010,Adelaide,August,15.1,115.2
2010,Adelaide,September,16.9,72.2
2010,Adelaide,October,21.4,29.2
2010,Adelaide,November,24.3,23.2
2010,Adelaide,December,26.7,87
2011,Melbourne,January,26.5,89.6
2011,Melbourne,February,25.3,131.4
2011,Melbourne,March,23.5,30.4
2011,Melbourne,April,21.2,99.6
2011,Melbourne,May,16.3,68.4
2011,Melbourne,June,15.8,32.4
2011,Melbourne,July,14.6,37.4
2011,Melbourne,August,17.4,19
2011,Melbourne,September,19.4,72
2011,Melbourne,October,20.8,63.2
2011,Melbourne,November,24.5,108.8
2011,Melbourne,December,25.1,80.2
2011,Sydney,January,27.4,53.8
2011,Sydney,February,28.4,18
2011,Sydney,March,26,191.6
2011,Sydney,April,22.7,206.2
2011,Sydney,May,19.5,135.6
2011,Sydney,June,18,93.8
2011,Sydney,July,17.4,282.2
2011,Sydney,August,19.8,52.2
2011,Sydney,September,21.7,71.6
2011,Sydney,October,22.2,37.4
2011,Sydney,November,25.2,148.4
2011,Sydney,December,23.1,78.4
2011,Perth,January,29,34.1
2011,Perth,February,28.1,44.3
2011,Perth,March,23.6,111.1
2011,Perth,April,19.5,23.6
2011,Perth,May,15.5,41.9
2011,Perth,June,12.4,14.2
2011,Perth,July,12.1,20.4
2011,Perth,August,16,58.8
2011,Perth,September,18.1,101
2011,Perth,October,19.7,41.8
2011,Perth,November,24.6,133
2011,Perth,December,22.9,114
2011,Adelaide,January,30.6,17.4
2011,Adelaide,February,29.1,43.2
2011,Adelaide,March,24.6,78
2011,Adelaide,April,22.8,13.6
2011,Adelaide,May,18,61.8
2011,Adelaide,June,16.5,37.2
2011,Adelaide,July,15.6,61.4
2011,Adelaide,August,18.1,92.4
2011,Adelaide,September,20.8,46.8
2011,Adelaide,October,22.1,42.6
2011,Adelaide,November,26.8,25.2
2011,Adelaide,December,27.9,18.2
2012,Melbourne,January,27.4,29.4
2012,Melbourne,February,27,59.8
2012,Melbourne,March,23.7,59
2012,Melbourne,April,21.9,50.6
2012,Melbourne,May,17,82.6
2012,Melbourne,June,14.4,72.4
2012,Melbourne,July,14.9,59
2012,Melbourne,August,15.2,52.8
2012,Melbourne,September,18.6,39.2
2012,Melbourne,October,20.8,29.2
2012,Melbourne,November,23.3,37.2
2012,Melbourne,December,25.7,30
2012,Sydney,January,26.1,138.8
2012,Sydney,February,25.8,111
2012,Sydney,March,24.7,269.8
2012,Sydney,April,23.6,187
2012,Sydney,May,20.9,37.2
2012,Sydney,June,17.7,244.2
2012,Sydney,July,17.6,56.2
2012,Sydney,August,19.9,19
2012,Sydney,September,22.5,23.8
2012,Sydney,October,23.3,29.4
2012,Sydney,November,24.1,52
2012,Sydney,December,26,45.2
2012,Perth,January,25.9,88
2012,Perth,February,24.5,125.7
2012,Perth,March,22.5,141.7
2012,Perth,April,21.2,12.4
2012,Perth,May,16.3,47
2012,Perth,June,12.8,58.2
2012,Perth,July,13,55.4
2012,Perth,August,13.7,30.6
2012,Perth,September,18.4,39.2
2012,Perth,October,21.5,7.9
2012,Perth,November,26.5,22.2
2012,Perth,December,28.4,74.6
2012,Adelaide,January,31.1,18
2012,Adelaide,February,28.1,25
2012,Adelaide,March,26.2,63.2
2012,Adelaide,April,24.2,27
2012,Adelaide,May,18.2,62.4
2012,Adelaide,June,15.3,126.4
2012,Adelaide,July,15.3,66.2
2012,Adelaide,August,15.9,68
2012,Adelaide,September,19.8,21.8
2012,Adelaide,October,23.1,20
2012,Adelaide,November,27.7,17.6
2012,Adelaide,December,28.3,11.6